{
  "1000_glove": 0.356534284
}{}{}{
  "1000_glove_norm": 0.06516316999999994
}