{
  "fastText": 0.6586666666666666
}{
  "fastText": 0.6466666666666666
}{
  "fastText_TFIDF": 0.6426666666666667
}