{
  "1000_fastText": 0.37552070800000004
}{}{
  "1000_fastText_TFIDF": 0.347509014
}