{
  "fastText": 0.3935491876228806
}{}{
  "fastText_TFIDF": 0.3737465815665624
}