{
  "glove": 0.6426666666666667
}{}{}{
  "glove_norm": 0.6053333333333333
}