{}{
  "glove": 0.38390297756445324
}{
  "glove_norm": -0.38850283206433955
}{
  "glove_norm": -0.38850283206433955
}