{
  "0.0005": 0.364,
  "0.5": 0.612,
  "5": 0.6413333333333333,
  "50": 0.6173333333333333,
  "500": 0.5773333333333334,
  "5000": 0.5733333333333334
}