{
  "0.0005": 0.5253333333333333,
  "0.5": 0.624,
  "5": 0.6453333333333333,
  "50": 0.6253333333333333,
  "500": 0.5906666666666667,
  "5000": 0.5746666666666667
}