{
  "0.0005": 0.49866666666666665,
  "0.5": 0.5893333333333334,
  "5": 0.5586666666666666,
  "50": 0.48133333333333334,
  "500": 0.4706666666666667,
  "5000": 0.4693333333333333
}