{
  "0.0005": 0.5253333333333333,
  "0.5": 0.6453333333333333,
  "1": 0.6333333333333333,
  "2": 0.628,
  "3": 0.6293333333333333,
  "4": 0.6293333333333333,
  "5": 0.6253333333333333,
  "6": 0.6266666666666667,
  "7": 0.6213333333333333,
  "8": 0.6173333333333333,
  "9": 0.6146666666666667,
  "10": 0.612,
  "50": 0.596,
  "500": 0.5986666666666667,
  "5000": 0.592
}