{
  "0.0005": 0.364,
  "0.5": 0.612,
  "1": 0.632,
  "2": 0.6453333333333333,
  "3": 0.6466666666666666,
  "4": 0.64,
  "5": 0.6413333333333333,
  "6": 0.6413333333333333,
  "7": 0.64,
  "8": 0.6413333333333333,
  "9": 0.64,
  "10": 0.64,
  "50": 0.6173333333333333,
  "500": 0.5773333333333334,
  "5000": 0.5733333333333334
}