{
  "0.0005": 0.5293333333333333,
  "0.5": 0.6026666666666667,
  "1": 0.6226666666666667,
  "2": 0.6333333333333333,
  "3": 0.644,
  "4": 0.6506666666666666,
  "5": 0.6506666666666666,
  "6": 0.648,
  "7": 0.6413333333333333,
  "8": 0.6426666666666667,
  "9": 0.644,
  "10": 0.64,
  "50": 0.6386666666666667,
  "500": 0.6066666666666667,
  "5000": 0.5826666666666667
}