{
  "0.0005": 0.5293333333333333,
  "0.5": 0.5813333333333334,
  "1": 0.5973333333333334,
  "2": 0.616,
  "3": 0.6266666666666667,
  "4": 0.636,
  "5": 0.64,
  "6": 0.64,
  "7": 0.6426666666666667,
  "8": 0.6426666666666667,
  "9": 0.648,
  "10": 0.6466666666666666,
  "50": 0.6213333333333333,
  "500": 0.5733333333333334,
  "5000": 0.564
}